<component name="libraryTable">
  <library name="Gradle: junit:junit:4.12@jar">
    <CLASSES>
      <root url="jar://$USER_HOME$/.gradle/caches/modules-2/files-2.1/junit/junit/4.12/2973d150c0dc1fefe998f834810d68f278ea58ec/junit-4.12.jar!/" />
    </CLASSES>
    <JAVADOC>
      <root url="jar://$USER_HOME$/.gradle/caches/modules-2/files-2.1/junit/junit/4.12/941a8be4506c65f0a9001c08812fb7da1e505e21/junit-4.12-javadoc.jar!/" />
    </JAVADOC>
    <SOURCES>
      <root url="jar://$USER_HOME$/.gradle/caches/modules-2/files-2.1/junit/junit/4.12/a6c32b40bf3d76eca54e3c601e5d1470c86fcdfa/junit-4.12-sources.jar!/" />
    </SOURCES>
  </library>
</component>