<component name="libraryTable">
  <library name="Gradle: androidx.versionedparcelable:versionedparcelable:1.0.0@aar">
    <CLASSES>
      <root url="jar://$USER_HOME$/.gradle/caches/transforms-2/files-2.1/c70a8bef3ed62675d42960780f476d6e/versionedparcelable-1.0.0/jars/classes.jar!/" />
      <root url="file://$USER_HOME$/.gradle/caches/transforms-2/files-2.1/c70a8bef3ed62675d42960780f476d6e/versionedparcelable-1.0.0/res" />
    </CLASSES>
    <JAVADOC />
    <SOURCES>
      <root url="jar://$USER_HOME$/.gradle/caches/modules-2/files-2.1/androidx.versionedparcelable/versionedparcelable/1.0.0/df4c3c5d517f6a49017612e6b4dfdd007e7cc9b8/versionedparcelable-1.0.0-sources.jar!/" />
    </SOURCES>
  </library>
</component>