<component name="libraryTable">
  <library name="Gradle: androidx.annotation:annotation:1.0.0@jar">
    <CLASSES>
      <root url="jar://$USER_HOME$/.gradle/caches/modules-2/files-2.1/androidx.annotation/annotation/1.0.0/45599f2cd5965ac05a1488fa2a5c0cdd7c499ead/annotation-1.0.0.jar!/" />
    </CLASSES>
    <JAVADOC>
      <root url="jar://$USER_HOME$/.gradle/caches/modules-2/files-2.1/androidx.annotation/annotation/1.0.0/3ad9d83e5da3918fd93775080f401222f2d4d26a/annotation-1.0.0-javadoc.jar!/" />
    </JAVADOC>
    <SOURCES>
      <root url="jar://$USER_HOME$/.gradle/caches/modules-2/files-2.1/androidx.annotation/annotation/1.0.0/c5897dbbda33e66ca6f3224a2534891bbfcbda5a/annotation-1.0.0-sources.jar!/" />
    </SOURCES>
  </library>
</component>