<component name="libraryTable">
  <library name="Gradle: androidx.slidingpanelayout:slidingpanelayout:1.0.0@aar">
    <CLASSES>
      <root url="jar://$USER_HOME$/.gradle/caches/transforms-2/files-2.1/5ad830c9e1047f79e3f0f7e9e42ab8ab/slidingpanelayout-1.0.0/jars/classes.jar!/" />
      <root url="file://$USER_HOME$/.gradle/caches/transforms-2/files-2.1/5ad830c9e1047f79e3f0f7e9e42ab8ab/slidingpanelayout-1.0.0/res" />
    </CLASSES>
    <JAVADOC />
    <SOURCES>
      <root url="jar://$USER_HOME$/.gradle/caches/modules-2/files-2.1/androidx.slidingpanelayout/slidingpanelayout/1.0.0/f3f2e4fded24d5969a86e1974ad7e96975d970a0/slidingpanelayout-1.0.0-sources.jar!/" />
    </SOURCES>
  </library>
</component>